PROVNUM,PROVNAME,Provider Address,Telephone Number,Provider Resides in Hospital,Provider Type,COUNTY_NAME,ZIP Code
335003,THE EMERALD PEEK REHABILITATION AND NURSING CENTER,2000 EAST MAIN STREET,9147378400,N,Medicare and Medicaid,Westchester,10566
335004,AUBURN REHABILITATION & NURSING CENTER,85 THORNTON AVENUE,3152537351,N,Medicare and Medicaid,Cayuga,13021
335005,BRIARCLIFF MANOR CENTER FOR REHAB AND NURSING CARE,620 SLEEPY HOLLOW ROAD,9149415100,N,Medicare and Medicaid,Westchester,10510
335006,KATHERINE LUTHER RESIDENTIAL HLTH CARE & REHAB,110 UTICA ROAD,3158535515,N,Medicare and Medicaid,Oneida,13323
335008,ST JOHNS HEALTH CARE CORPORATION,150 HIGHLAND AVENUE,5852715413,N,Medicare and Medicaid,Monroe,14620
335011,ST PATRICKS HOME,66 VAN CORTLANDT PARK SOUTH,7185192800,N,Medicare and Medicaid,Bronx,10463
335014,SCHENECTADY CENTER FOR REHABILITATION AND NURSING,526 ALTAMONT AVE,5183466121,N,Medicare and Medicaid,Schenectady,12303
335015,SCHERVIER NURSING CARE CENTER,2975 INDEPENDENCE AVE,7185481700,N,Medicare and Medicaid,Bronx,10463
335017,BEECHTREE CENTER FOR REHABILITATION AND NURSING,318 SOUTH ALBANY STREET,6072734166,N,Medicare and Medicaid,Tompkins,14850
335019,REGEIS CARE CENTER,3200 BAYCHESTER AVENUE,7183203700,N,Medicare and Medicaid,Bronx,10475
335020,HEBREW HOME FOR THE AGED AT RIVERDALE,5901 PALISADE AVENUE,7185811000,N,Medicare,Bronx,10471
335022,SANDS POINT CENTER FOR HEALTH AND REHABILITATION,1440 PORT WASHINGTON BLVD,5167199400,N,Medicare and Medicaid,Nassau,11050
335023,A HOLLY PATTERSON EXTENDED CARE FACILITY,875 JERUSALEM AVENUE,5165721400,Y,Medicare and Medicaid,Nassau,11553
335024,BEACH TERRACE CARE CENTER,640 WEST BROADWAY,5164314400,N,Medicare and Medicaid,Nassau,11561
335027,WEST VILLAGE REHABILITATION AND NURSING CENTER,214 W HOUSTON STREET,2123379400,N,Medicare and Medicaid,New York,10014
335028,THE CITADEL REHAB AND NURSING CTR AT KINGSBRIDGE,3400 -26  CANNON PLACE,7187968100,N,Medicare and Medicaid,Bronx,10463
335030,MOSHOLU PARKWAY NURSING & REHABILITATION CENTER,3356 PERRY AVENUE,7186553568,N,Medicare and Medicaid,Bronx,10467
335034,WYOMING COUNTY COMMUNITY HOSPITAL S N F,400 NORTH MAIN STREET,5857862233,Y,Medicare and Medicaid,Wyoming,14569
335040,HILAIRE REHAB & NURSING,9 HILAIRE DRIVE,6314270254,N,Medicare and Medicaid,Suffolk,11743
335044,FAR ROCKAWAY CENTER FOR REHABILITATION AND NURSING,13 11 VIRGINA ST,7183272909,N,Medicare and Medicaid,Queens,11691
335046,NORTHERN MANOR GERIATRIC CENTER INC,199 N MIDDLETOWN ROAD,8456233904,N,Medicare and Medicaid,Rockland,10954
335048,WILLIAMSBRIDGE CENTER FOR REHABILITATION AND NRSG,1540 TOMLINSON AVENUE,7188926600,N,Medicare and Medicaid,Bronx,10461
335050,MARY MANNING WALSH NURSING HOME CO INC,1339 YORK AVENUE,6464754800,N,Medicare and Medicaid,New York,10021
335053,ELCOR NURSING  AND REHABILITATION CENTER,48 COLONIAL DRIVE,6077390304,N,Medicare and Medicaid,Chemung,14845
335056,ELDERWOOD AT AMHERST,4459 BAILEY AVE,7168352543,N,Medicare and Medicaid,Erie,14226
335061,UNIVERSITY CENTER FOR REHABILITATION AND NURSING,2505 GRAND AVE,7182951400,N,Medicare and Medicaid,Bronx,10468
335063,COLER REHABILITATION AND NURSING CARE CENTER,900 MAIN ST,2128486000,N,Medicare and Medicaid,New York,10044
335067,APEX REHABILITATION & CARE CENTER,78 BIRCHWOOD DR,6314233200,N,Medicare and Medicaid,Suffolk,11746
335068,CROUSE COMMUNITY CENTER INC,101 SOUTH STREET,3156849595,N,Medicare and Medicaid,Madison,13408
335069,CONESUS LAKE NURSING HOME,6131 BIG TREE ROAD BOX F,5853463001,N,Medicare and Medicaid,Livingston,14487
335070,BROOKLYN GARDENS NURSING & REHABILITATION CENTER,835 HERKIMER STREET,7182212600,N,Medicare and Medicaid,Kings,11233
335072,ST JOSEPH'S HOSPITAL - SKILLED NURSING FACILITY,555 ST JOSEPH'S BLVD,6077336541,Y,Medicare and Medicaid,Chemung,14902
335074,"PARKVIEW CARE AND REHABILITATION CENTER, INC",5353 MERRICK ROAD,5167981800,N,Medicare and Medicaid,Nassau,11758
335077,NORTHWOODS REHAB AND NURSING CENTER AT MORAVIA,7 KEELER AVENUE,3154970440,N,Medicare and Medicaid,Cayuga,13118
335078,YORKTOWN REHABILITATION & NURSING CENTER,2300 CATHERINE STREET,9147392244,N,Medicare and Medicaid,Westchester,10567
335079,GOLD CREST CARE CENTER,2316 BRUNER AVENUE,7188826400,N,Medicare and Medicaid,Bronx,10469
335080,HUDSON HILL CENTER FOR REHABILITATION & NURSING,65 ASHBURTON AVENUE,9149634000,N,Medicare and Medicaid,Westchester,10701
335081,ST ANNS COMMUNITY,1500 PORTLAND AVENUE,5856976000,N,Medicare and Medicaid,Monroe,14621
335082,WATERVIEW HEIGHTS REHABILITATION AND NURSING CTR,425 BEACH AVENUE,5856630930,N,Medicare and Medicaid,Monroe,14612
335083,BERKSHIRE NURSING & REHABILITATION CENTER,10 BERKSHIRE ROAD,6315870600,N,Medicare and Medicaid,Suffolk,11704
335087,ST JOSEPHS HOME,950 LINDEN STREET,3153933780,N,Medicare and Medicaid,St. Lawrence,13669
335090,ELIZABETH CHURCH MANOR NURSING HOME,863 FRONT STREET,6077223463,N,Medicare and Medicaid,Broome,13905
335091,FULTON CENTER FOR REHABILITATION AND HEALTHCARE,847 COUNTY  HIGHWAY 122,5187733400,N,Medicare and Medicaid,Fulton,12078
335092,HENRY J CARTER SKILLED NURSING FACILITY,1752 PARK AVE,6466860000,Y,Medicare and Medicaid,New York,10035
335093,PARK NURSING HOME,128 BEACH 115TH STREET,7184746400,N,Medicare and Medicaid,Queens,11694
335096,NEW RIVERDALE REHAB AND NURSING,641 WEST 230TH ST,7187964800,N,Medicare and Medicaid,Bronx,10463
335097,N Y S VETERANS HOME,4211 STATE HIGHWAY 220,6078433100,N,Medicare and Medicaid,Chenango,13830
335098,FINGER LAKES HEALTH,196-198 NORTH STREET,3157874730,N,Medicare and Medicaid,Ontario,14456
335100,ISABELLA GERIATRIC CENTER INC,515 AUDUBON AVENUE,2123429200,N,Medicare and Medicaid,New York,10040
335103,RIVER VIEW REHABILITATION AND NURSING CARE CENTER,510 FIFTH AVENUE,6076872594,N,Medicare and Medicaid,Tioga,13827
335104,THE HERITAGE REHABILITATION AND HEALTH CARE CENTER,5606 15TH AVE,7188511000,N,Medicare and Medicaid,Kings,11219
335105,JEWISH HOME OF ROCHESTER,2021 WINTON ROAD SOUTH,5854277760,N,Medicare and Medicaid,Monroe,14618
335108,SEA VIEW HOSPITAL REHABILITATION CENTER AND HOME,460 BRIELLE AVE,7183173000,N,Medicare and Medicaid,Richmond,10314
335110,EVERGREEN COMMONS REHABILITATION AND NURSING CTR,1070 LUTHER ROAD,5184794662,N,Medicare and Medicaid,Rensselaer,12061
335112,BROTHERS OF MERCY NURSING & REHABILITATION CENTER,10570 BERGTOLD ROAD,7167596985,N,Medicare and Medicaid,Erie,14031
335125,SPRING CREEK REHABILITATION & NURSING CARE CENTER,660 LOUISIANA AVE,7186697100,N,Medicare and Medicaid,Kings,11239
335127,ALICE HYDE MEDICAL CENTER,45 SIXTH STREET,5184818000,N,Medicare and Medicaid,Franklin,12953
335128,ST PETERS NURSING AND REHABILITATION CENTER,301 HACKETT BLVD,5185257600,N,Medicare and Medicaid,Albany,12208
335130,THE GRAND REHABILITATION AND NURSING AT QUEENS,157 15 19TH AVENUE,7187460400,N,Medicare and Medicaid,Queens,11357
335131,"NEW CARLTON REHAB AND NURSING CENTER, L L C",405 CARLTON AVE,7187896262,N,Medicare and Medicaid,Kings,11238
335132,PARKER JEWISH INSTITUTE FOR HEALTH CARE & REHAB,271-11 76TH AVE,7182892100,N,Medicare and Medicaid,Queens,11040
335133,SAPPHIRE CENTER FOR REHAB & NURSING,35 15 PARSONS BLVD,7189613500,N,Medicare and Medicaid,Queens,11354
335136,LORETTO HEALTH AND REHABILITATION CENTER,700 EAST BRIGHTON AVENUE,3154695570,N,Medicare and Medicaid,Onondaga,13205
335139,FOREST HILLS CARE CENTER,71 44 YELLOWSTONE BLVD,7185444300,N,Medicare and Medicaid,Queens,11375
335140,BELAIR CARE CENTER INC,2478 JERUSALEM AVE,5168261160,N,Medicare and Medicaid,Nassau,11710
335141,EMERGE NURSING AND REHABILITATION AT GLEN COVE,2 MEDICAL PLAZA,5166710858,N,Medicare and Medicaid,Nassau,11542
335142,HERITAGE PARK REHAB & SKILLED NURSING,150 PRATHER AVENUE,7164881921,N,Medicare and Medicaid,Chautauqua,14701
335143,MEADOW PARK REHABILITATION AND HEALTH CENTER L L C,78-10 164TH STREET,7185918300,N,Medicare and Medicaid,Queens,11366
335146,FAIRVIEW NURSING CARE CENTER INC,69 70 GRAND CENTRAL PARKWAY,7182634600,N,Medicare and Medicaid,Queens,11375
335148,THE WILLOWS AT RAMAPO REHAB AND NURSING CENTER,30 CRAGMERE ROAD,8453571230,N,Medicare and Medicaid,Rockland,10901
335154,WATERVIEW NURSING CARE CENTER,119 15 27TH AVENUE,7184615000,N,Medicare and Medicaid,Queens,11354
335155,WINDSOR PARK REHAB & NURSING CENTER,212 40 HILLSIDE AVENUE,7184680800,N,Medicare and Medicaid,Queens,11427
335156,SOUTH SHORE REHABILITATION AND NURSING CENTER,275 W MERRICK ROAD,5166234000,N,Medicare and Medicaid,Nassau,11520
335158,OCEANSIDE CARE CENTER INC,2914 LINCOLN AVENUE,5165362300,N,Medicare and Medicaid,Nassau,11572
335159,ROSS CENTER FOR NURSING AND REHABILITATION,839 SUFFOLK AVENUE,6312734700,N,Medicare and Medicaid,Suffolk,11717
335160,LYNBROOK RESTORATIVE THERAPY AND NURSING,243 ATLANTIC AVENUE,5165992744,N,Medicare and Medicaid,Nassau,11563
335161,DALEVIEW CARE CENTER,574 FULTON STREET,5166949800,N,Medicare and Medicaid,Nassau,11735
335162,THE GRAND REHABILITATION AND NURSING AT SOUTH POIN,ONE LONG BEACH ROAD,5164320300,N,Medicare and Medicaid,Nassau,11558
335163,OXFORD NURSING HOME,144 SO OXFORD ST,7186380360,N,Medicare and Medicaid,Kings,11217
335164,HUMBOLDT HOUSE REHABILITATION AND NURSING CENTER,64 HAGER STREET,7168864377,N,Medicare and Medicaid,Erie,14208
335165,PREMIER NSG & REHAB CENTER OF FAR ROCKAWAY,22-41 NEW HAVEN AVENUE,7184713400,N,Medicare and Medicaid,Queens,11691
335168,OCEANVIEW NURSING & REHABILITATION CARE CENTER,315 BEACH 9TH STREET,7184716000,N,Medicare and Medicaid,Queens,11691
335172,COMPREHENSIVE REHAB & NURSING CTR AT WILLIAMSVILLE,147 REIST STREET,7166335400,N,Medicare and Medicaid,Erie,14221
335174,COBBLE HILL HEALTH CENTER INC,380 HENRY STREET,7188556789,N,Medicare and Medicaid,Kings,11201
335175,BROOKSIDE MULTICARE NURSING CENTER,7 ROUTE 25A,6317242200,N,Medicare and Medicaid,Suffolk,11787
335176,ROSA COPLON JEWISH HOME AND INFIRMARY,2700 NORTH FOREST ROAD,7166393330,N,Medicare and Medicaid,Erie,14068
335178,BROOKLYN CTR FOR REHAB AND RESIDENTIAL HEALTH CARE,170 BUFFALO AVENUE,7182529800,N,Medicare and Medicaid,Kings,11213
335180,"SAFIRE REHABILITATION OF NORTHTOWNS, L L C",2799 SHERIDAN DRIVE,7168374466,N,Medicare and Medicaid,Erie,14150
335182,GREENFIELD HEALTH & REHAB CENTER,5949 BROADWAY,7166843000,N,Medicare and Medicaid,Erie,14086
335184,VAN DUYN CENTER FOR REHABILITATION AND NURSING,5075 WEST SENECA TURNPIKE,3154496000,N,Medicare and Medicaid,Onondaga,13215
335185,CEDAR MANOR NURSING & REHABILITATION CENTER,32 CEDAR LANE,9147621600,N,Medicare and Medicaid,Westchester,10562
335187,HUDSON POINTE AT RIVERDALE CTR FOR NURSING & REHAB,3220 HENRY HUDSON PARKWAY,7185499400,N,Medicare and Medicaid,Bronx,10463
335188,NEW PALTZ CENTER FOR REHABILITATION AND NURSING,1 JANSEN ROAD,8452550830,N,Medicare and Medicaid,Ulster,12561
335190,JEWISH HOME OF CENTRAL NEW YORK,4101 E GENESEE ST,3154469111,N,Medicare and Medicaid,Onondaga,13214
335196,SILVER LAKE SPECIALIZED REHAB AND CARE CENTER,275 CASTLETON AVENUE,7184477800,N,Medicare and Medicaid,Richmond,10301
335197,MONROE COMMUNITY HOSPITAL,435 EAST HENRIETTA ROAD,5857606500,N,Medicare and Medicaid,Monroe,14620
335199,RESORT NURSING HOME,430 BEACH 68TH STREET,7184745200,N,Medicare and Medicaid,Queens,11692
335201,BETH ABRAHAM CENTER FOR REHABILITATION AND NURSING,612 ALLERTON AVENUE,7185194125,N,Medicare and Medicaid,Bronx,10467
335202,THE GRAND REHABILITATION AND NURSING AT BATAVIA,257 STATE ST,5853431300,N,Medicare and Medicaid,Genesee,14020
335204,AURELIA OSBORN FOX MEMORIAL HOSPITAL,ONE NORTON AVENUE,6074315980,Y,Medicare and Medicaid,Otsego,13820
335208,VALLEY VIEW MANOR NURSING HOME,40 PARK STREET,6073349931,N,Medicare and Medicaid,Chenango,13815
335210,HIGHLAND PARK REHABILITATION AND NURSING CENTER,160 SENECA ST,5855933750,N,Medicare and Medicaid,Allegany,14895
335211,GLENGARIFF HEALTH CARE CENTER,141 DOSORIS LANE,5166761100,N,Medicare and Medicaid,Nassau,11542
335212,THE VILLAGES OF ORLEANS HEALTH AND REHAB CENTER,14012 ROUTE 31,5855895637,N,Medicare and Medicaid,Orleans,14411
335213,MASSAPEQUA CENTER REHABILITATION & NURSING,101 LOUDEN AVE,6312640222,N,Medicare and Medicaid,Suffolk,11701
335214,EASTCHESTER REHABILITATION AND HEALTH CARE CENTER,2700 EASTCHESTER ROAD,7182315550,N,Medicare and Medicaid,Bronx,10469
335216,AVON NURSING HOME L L C,215 CLINTON STREET,5852262225,N,Medicare and Medicaid,Livingston,14414
335218,CORTLAND PARK REHABILITATION AND NURSING CENTER,193 CLINTON AVENUE,6077569921,N,Medicare and Medicaid,Cortland,13045
335219,NEWARK MANOR NURSING HOME INC,222 WEST PEARL STREET,3153314690,N,Medicare and Medicaid,Wayne,14513
335220,MERCY LIVING CENTER,114 WAWBEEK AVE,5183593355,Y,Medicare and Medicaid,Franklin,12986
335224,"WHITE PLAINS CENTER FOR NURSING CARE, L L C",220 WEST POST ROAD,9146868880,N,Medicare and Medicaid,Westchester,10606
335225,OAK HILL REHABILITATION AND NURSING CARE CENTER,602 HUDSON ST,6072728282,N,Medicare and Medicaid,Tompkins,14850
335226,VESTAL PARK REHABILITATION AND NURSING CENTER,"1501 ROUTE 26 SOUTH,",6077544105,N,Medicare and Medicaid,Broome,13850
335227,WORKMENS CIRCLE MULTICARE CENTER,3155 GRACE AVENUE,7183798100,N,Medicare and Medicaid,Bronx,10469
335228,BRIDGEWATER CENTER FOR REHAB & NURSING L L C,159 163 FRONT STREET - BOX 765,6077227225,N,Medicare and Medicaid,Broome,13902
335229,PUTNAM NURSING & REHABILITATION CENTER,404 LUDINGTONVILLE ROAD,8458783241,N,Medicare and Medicaid,Putnam,12531
335231,"EXCEL AT WOODBURY FOR REHAB AND NURSING, L L C",8533 JERICHO TPKE,5166924100,N,Medicare and Medicaid,Nassau,11797
335232,UPPER EAST SIDE REHABILITATION AND NURSING CENTER,211 EAST 79 ST,2128791600,N,Medicare and Medicaid,New York,10021
335233,COLONIAL PARK REHABILITATION AND NURSING CENTER,950 FLOYD AVENUE,3153365400,N,Medicare and Medicaid,Oneida,13440
335236,ROBINSON TERRACE,28652 STATE HIGHWAY 23,6076527521,N,Medicare and Medicaid,Delaware,12167
335238,THE VALLEY VIEW CENTER FOR NURSING CARE AND REHAB,2 GLENMERE COVE RD,8452914740,N,Medicare and Medicaid,Orange,10924
335239,"CLOVE LAKES HEALTH CARE AND REHAB CENTER, INC",25 FANNING STREET,7182897900,N,Medicare and Medicaid,Richmond,10314
335243,CHESTNUT PARK REHABILITATION AND NURSING CENTER,330 CHESTNUT STREET,6074328500,N,Medicare and Medicaid,Otsego,13820
335245,"CATON PARK REHAB AND NURSING CENTER, L L C",1312 CATON AVENUE,7186937000,N,Medicare and Medicaid,Kings,11226
335248,FIELDSTON LODGE CARE CENTER,666 KAPPOCK STREET,7185491203,N,Medicare and Medicaid,Bronx,10463
335249,CAYUGA NURSING AND REHABILITATION CENTER,1229 TRUMANSBURG ROAD,6072738072,N,Medicare and Medicaid,Tompkins,14850
335250,HIGHFIELD GARDENS CARE CENTER OF GREAT NECK,199 COMMUNITY DRIVE,5163659229,N,Medicare and Medicaid,Nassau,11021
335252,GLENDALE HOME-SCHDY CNTY DEPT SOCIAL SERVICES,59 HETCHELTOWN ROAD,5183843600,N,Medicare and Medicaid,Schenectady,12302
335253,CENTRAL PARK REHABILITATION AND NURSING CENTER,116 EAST CASTLE STREET,3154751641,N,Medicare and Medicaid,Onondaga,13205
335254,ACADIA CENTER FOR NURSING AND REHABILITATION,1146 WOODCREST AVENUE,6317277744,N,Medicare and Medicaid,Suffolk,11901
335255,ELM MANOR NURSING AND REHABILITATION CENTER,210 N MAIN STREET,5853943883,N,Medicare and Medicaid,Ontario,14424
335256,THE PINES AT CATSKILL CENTER FOR NURSING & REHAB,154 JEFFERSON HEIGHTS,5189435151,N,Medicare and Medicaid,Greene,12414
335257,FORT TRYON CENTER FOR REHABILITATION AND NURSING,801 W 190TH ST,2125436400,N,Medicare and Medicaid,New York,10040
335259,WATERVIEW HILLS REHABILITATION AND NURSING CENTER,537 ROUTE 22,9142773691,N,Medicare and Medicaid,Westchester,10578
335261,THE PARAMOUNT AT SOMERS REHAB AND NURSING CENTER,ROUTE 100,9142325101,N,Medicare and Medicaid,Westchester,10589
335263,CHURCH HOME OF THE PROTESTANT EPISCOPAL CHURCH,505 MT HOPE AVENUE,5855468400,N,Medicare and Medicaid,Monroe,14620
335265,VAN RENSSELAER MANOR,85 BLOOMINGROVE DRIVE,5182832000,N,Medicare and Medicaid,Rensselaer,12180
335266,"WOODCREST REHAB & RESIDENTIAL H C CENTER, L L C",119 09 26TH AVENUE,7187626100,N,Medicare and Medicaid,Queens,11354
335267,ELDERWOOD OF UIHLEIN AT LAKE PLACID,185 OLD MILITARY ROAD,5185856771,N,Medicare and Medicaid,Essex,12946
335269,THE WARTBURG HOME,BRADLEY AVENUE,9146990800,N,Medicare and Medicaid,Westchester,10552
335271,DUMONT CENTER FOR REHABILITATION AND NURSING CARE,676 PELHAM ROAD,9146329600,N,Medicare and Medicaid,Westchester,10805
335273,VERRAZANO NURSING AND POST-ACUTE CENTER,100 CASTLETON AVENUE,7182731300,N,Medicare and Medicaid,Richmond,10301
335274,SAN SIMEON BY THE SOUND CENTER FOR NURSING & REHAB,61700 ROUTE 48,6314772110,N,Medicare and Medicaid,Suffolk,11944
335275,SAPPHIRE NURSING AT WAPPINGERS,37 MESIER AVENUE,8452973793,N,Medicare and Medicaid,Dutchess,12590
335279,MAYFAIR CARE CENTER,100 BALDWIN ROAD,5165387171,N,Medicare and Medicaid,Nassau,11550
335280,TROY CENTER FOR REHABILITATION AND NURSING,49 MARVIN AVENUE,5182736646,N,Medicare and Medicaid,Rensselaer,12180
335281,ABSOLUT CTR FOR NURSING & REHAB AURORA PARK L L C,292 MAIN STREET,7166521560,N,Medicare and Medicaid,Erie,14052
335283,ST CAMILLUS RESIDENTIAL HEALTH CARE FACILITY,813 FAY ROAD,3154882951,N,Medicare and Medicaid,Onondaga,13219
335284,CENTRAL ISLAND HEALTHCARE,825 OLD COUNTRY RD,5164330600,N,Medicare and Medicaid,Nassau,11803
335285,PINE VALLEY CENTER FOR REHABILITATION AND NURSING,661 N MAIN ST,8453560567,N,Medicare and Medicaid,Rockland,10977
335286,CARILLON NURSING AND REHABILITATION CENTER,830 PARK AVENUE,6312715800,N,Medicare and Medicaid,Suffolk,11743
335287,PARK GARDENS REHABILITATION & NURSING CENTER L L C,6585 BROADWAY,7185492200,N,Medicare and Medicaid,Bronx,10471
335288,SHORE VIEW NURSING  & REHABILITATION CENTER,2865 BRIGHTON 3RD STREET,7188914400,N,Medicare and Medicaid,Kings,11235
335289,SOLDIERS AND SAILORS MEMORIAL HOSPITAL E C U,418 NORTH MAIN STREET,3155312731,Y,Medicare and Medicaid,Yates,14527
335290,THE CHATEAU AT BROOKLYN REHAB AND NURSING CENTER,3457 NOSTRAND AVENUE,7185355100,N,Medicare and Medicaid,Kings,11229
335291,WILLOW POINT REHABILITATION AND NURSING CENTER,3700 OLD VESTAL ROAD,6077634400,N,Medicare and Medicaid,Broome,13850
335292,PROMENADE REHABILITATION AND HEALTH CARE CENTER,140 BEACH 114TH STREET,7189454600,N,Medicare and Medicaid,Queens,11694
335294,LONG ISLAND CARE CENTER INC,144-61 38TH AVE,7189397500,N,Medicare and Medicaid,Queens,11354
335296,"THE NEW JEWISH HOME, SARAH NEUMAN",845 PALMER AVENUE,9146986005,N,Medicare and Medicaid,Westchester,10543
335297,THE GRAND PAVILION FOR RHB & NRSG AT ROCKVILLE CTR,41 MAINE AVENUE,5165367730,N,Medicare and Medicaid,Nassau,11570
335299,"NEW GLEN OAKS NURSING HOME, INC",260 01 79TH AVENUE,7183430770,N,Medicare and Medicaid,Queens,11004
335300,FORT HUDSON NURSING CENTER INC,319 UPPER BROADWAY,5187472811,N,Medicare and Medicaid,Washington,12828
335301,ST JAMES REHABILITATION & HEALTHCARE CENTER,275 MORICHES ROAD,6318628000,N,Medicare and Medicaid,Suffolk,11780
335306,GLENS FALLS CENTER FOR REHABILITATION AND NURSING,152 SHERMAN AVENUE,5187932575,N,Medicare and Medicaid,Warren,12801
335308,MERCY HOSPITAL SKILLED NURSING FACILITY,55 MELROY AVENUE,7168195300,Y,Medicare and Medicaid,Erie,14218
335309,STEUBEN CENTER FOR REHABILITATION AND HEALTHCARE,7009 RUMSEY STREET EXTENSION,6077767651,N,Medicare and Medicaid,Steuben,14810
335310,FOREST VIEW CENTER FOR REHABILITATION & NURSING,71 20 110TH STREET,7187933200,N,Medicare and Medicaid,Queens,11375
335311,TOLSTOY FOUNDATION REHABILITATION AND NRSG CENTER,100 LAKE ROAD,8452686813,N,Medicare and Medicaid,Rockland,10989
335312,THE ENCLAVE AT RYE  REHAB AND NURSING CTR,1000 HIGH ST,9149371200,N,Medicare and Medicaid,Westchester,10573
335313,MEDINA MEMORIAL HOSPITAL S N F,200 OHIO STREET,5857982000,Y,Medicare and Medicaid,Orleans,14103
335314,WELLS NURSING HOME INC,201 W MADISON AVENUE,5187624546,N,Medicare and Medicaid,Fulton,12095
335316,ROSCOE REGIONAL REHAB & RESIDENTIAL H C F,420 ROCKLAND ROAD,6074984121,N,Medicare and Medicaid,Sullivan,12776
335317,PARK TERRACE CARE CENTER,59 20 VAN DOREN STREET,7185929200,N,Medicare and Medicaid,Queens,11368
335320,SPRAIN BROOK MANOR REHAB,77 JACKSON AVE,9144723200,N,Medicare and Medicaid,Westchester,10583
335321,SPLIT ROCK REHABILITION AND HEALTH CARE CENTER,3525 BAYCHESTER AVE,7187988900,N,Medicare and Medicaid,Bronx,10466
335322,MAPLE CITY REHABILITATION AND NURSING CENTER,434 MONROE AVENUE,6073247740,N,Medicare and Medicaid,Steuben,14843
335323,THE ELEANOR NURSING CARE CENTER,419 NORTH QUAKER LANE,8452299177,N,Medicare and Medicaid,Dutchess,12538
335325,THE PINES AT GLENS FALLS CTR FOR NURSING & REHAB,170 WARREN STREET,5187935163,N,Medicare and Medicaid,Warren,12801
335326,ELDERWOOD AT WILLIAMSVILLE,200 BASSETT ROAD,7166896681,N,Medicare and Medicaid,Erie,14221
335327,BRIDGE VIEW NURSING HOME,143 10 20TH AVE,7189611212,N,Medicare and Medicaid,Queens,11357
335328,PALM GARDENS CENTER FOR NURSING AND REHABILITATION,615 AVENUE C,7186333300,N,Medicare and Medicaid,Kings,11218
335330,CORNING CENTER FOR REHABILITATION AND HEALTHCARE,205 EAST FIRST STREET,6076542400,N,Medicare and Medicaid,Steuben,14830
335331,GRANVILLE CENTER FOR REHABILITATION AND NURSING,17 MADISON STREET,5186422710,N,Medicare and Medicaid,Washington,12832
335332,EGER HEALTH CARE AND REHABILITATION CENTER,140 MEISNER AVENUE,7189791800,N,Medicare and Medicaid,Richmond,10306
335333,HOLLIS PARK MANOR NURSING HOME,191 06 HILLSIDE AVENUE,7184791010,N,Medicare and Medicaid,Queens,11423
335334,THE RIVERSIDE,150 RIVERSIDE DRIVE,6465053500,N,Medicare and Medicaid,New York,10024
335336,MARGARET TIETZ CENTER FOR NURSING CARE INC,164 11 CHAPIN PARKWAY,7182987800,N,Medicare and Medicaid,Queens,11432
335337,SCHAFFER EXTENDED CARE CENTER,16 GUION PLACE,9146371200,Y,Medicare and Medicaid,Westchester,10802
335338,BISHOP REHABILITATION AND NURSING CENTER,918 JAMES STREET,3154741561,N,Medicare and Medicaid,Onondaga,13203
335339,MOUNTAINSIDE RESIDENTIAL CARE CENTER,42158 STATE HIGHWAY 28,8455861800,Y,Medicare and Medicaid,Delaware,12455
335340,"THE COTTAGES AT GARDEN GROVE, A SKILLED NRSG COMM",5460 MELTZER COURT,3156991619,N,Medicare and Medicaid,Onondaga,13039
335341,THE HURLBUT,1177 EAST HENRIETTA RD,5854244770,N,Medicare and Medicaid,Monroe,14623
335342,NORTH WESTCHESTER RESTORATIVE THERAPY & NRSG CRT,3550 LEXINGTON AVENUE,9145282000,N,Medicare and Medicaid,Westchester,10547
335344,CHASEHEALTH REHAB AND RESIDENTIAL CARE,ONE TERRACE HEIGHTS,6078477000,N,Medicare and Medicaid,Chenango,13411
335345,M M EWING CONTINUING CARE CENTER,350 PARRISH STREET,5853966040,Y,Medicare and Medicaid,Ontario,14424
335346,ELDERWOOD AT WAVERLY,37 NORTH CHEMUNG STREET,6075652861,N,Medicare and Medicaid,Tioga,14892
335347,MORRIS PARK REHABILITATION AND NURSING CENTER,1235 PELHAM PARKWAY NORTH,7182314300,N,Medicare and Medicaid,Bronx,10469
335349,CLIFFSIDE REHAB & RESIDENTIAL HEALTH CARE CENTER,119 - 19 GRAHAM COURT,7188860700,N,Medicare and Medicaid,Queens,11354
335350,SUTTON PARK CENTER FOR NURSING AND REHABILITATION,31 LOCKWOOD AVENUE,9145760600,N,Medicare and Medicaid,Westchester,10801
335351,NATHAN LITTAUER HOSPITAL NURSING HOME,99 EAST STATE STREET,5187735622,Y,Medicare and Medicaid,Fulton,12078
335353,HERITAGE VILLAGE REHAB AND SKILLED NURSING INC.,4570 ROUTE 60,7169854612,N,Medicare and Medicaid,Chautauqua,14740
335357,THE PINES HEALTHCARE & REHAB CENTERS OLEAN CAMPUS,2245 WEST STATE STREET,7163731910,N,Medicare and Medicaid,Cattaraugus,14760
335358,BRONX PARK REHABILITATION & NURSING CENTER,3845 CARPENTER AVE,7187981100,N,Medicare and Medicaid,Bronx,10467
335361,CLIFTON SPRINGS HOSPITAL AND CLINIC EXTENDED CARE,2 COULTER ROAD,3154620582,N,Medicare and Medicaid,Ontario,14432
335363,OZANAM HALL OF QUEENS NURSING HOME INC,42 41 201ST STREET,7184232000,N,Medicare and Medicaid,Queens,11361
335364,CUBA MEMORIAL HOSPITAL INC S N F,140 WEST MAIN STREET,5859682000,Y,Medicare and Medicaid,Allegany,14727
335365,NYACK RIDGE REHABILITATION AND NURSING CENTER,476 CHRISTIAN HERALD ROAD,8452686861,N,Medicare and Medicaid,Rockland,10989
335366,WOODSIDE MANOR NURSING HOME INC,2425 CLINTON AVENUE SOUTH,5854610370,N,Medicare and Medicaid,Monroe,14618
335369,PARK RIDGE NURSING HOME,1555 LONG POND ROAD,5857237205,N,Medicare and Medicaid,Monroe,14626
335371,ABSOLUT CTR FOR NURSING & REHAB ENDICOTT L L C,301 NANTUCKET DRIVE,6077542705,N,Medicare and Medicaid,Broome,13760
335372,"NEW VANDERBILT REHABILITATION AND CARE CENTER, INC",135 VANDERBILT AVE,7184470701,N,Medicare and Medicaid,Richmond,10304
335373,BAINBRIDGE NURSING & REHABILITATION CENTER,3518 BAINBRIDGE AVENUE,7186551991,N,Medicare and Medicaid,Bronx,10467
335374,THE PINES AT UTICA CENTER FOR NURSING AND REHAB,1800 BUTTERFIELD AVE,3157973570,N,Medicare and Medicaid,Oneida,13501
335375,SCHUYLER HOSPITAL INC & LONG TERM CARE UNIT,220 STEUBEN STREET,6075357121,Y,Medicare and Medicaid,Schuyler,14865
335376,SCHOELLKOPF HEALTH CENTER,621 TENTH STREET,7162784578,Y,Medicare and Medicaid,Niagara,14302
335377,COLLAR CITY NURSING AND REHABILITATION CENTER,100 NEW TURNPIKE ROAD,5182351410,N,Medicare and Medicaid,Rensselaer,12182
335378,SODUS REHABILITATION & NURSING CENTER,6884 MAPLE AVE,3154839118,N,Medicare and Medicaid,Wayne,14551
335379,REGO PARK NURSING HOME,111 26 CORONA AVENUE,7185926400,N,Medicare and Medicaid,Queens,11368
335380,NORTHERN METROPOLITAN RES HEALTH CARE FACILITY INC,225 MAPLE AVENUE,8453529000,N,Medicare and Medicaid,Rockland,10952
335381,SCHULMAN AND SCHACHNE INST FOR NURSING & REHAB,555 ROCKAWAY PARKWAY,7182405775,Y,Medicare and Medicaid,Kings,11212
335382,"THE COMMONS ON ST ANTHONY, A S N F & SHORT T R C",3 ST ANTHONY STREET,3152530351,N,Medicare and Medicaid,Cayuga,13021
335383,ST CABRINI NURSING HOME,115 BROADWAY,9146936800,N,Medicare and Medicaid,Westchester,10522
335386,THE GRAND REHABILITATION AND NURSING AT MOHAWK,99 SIXTH AVENUE,3158954050,N,Medicare and Medicaid,Herkimer,13357
335387,PENINSULA NURSING AND REHABILITATION CENTER,50 15 BEACH CHANNEL DRIVE,7187342000,N,Medicare and Medicaid,Queens,11691
335388,LACONIA NURSING HOME,1050 EAST 230TH STREET,7186545875,N,Medicare and Medicaid,Bronx,10466
335389,LIVINGSTON HILLS NURSING AND REHABILITATION CENTER,2781 ROUTE 9,5188513041,N,Medicare and Medicaid,Columbia,12541
335390,SURGE REHABILITATION AND NURSING LLC,49 OAKCREST AVE,6319248820,N,Medicare and Medicaid,Suffolk,11953
335391,ELDERWOOD AT GRAND ISLAND,2850 GRAND ISLAND BLVD,7167735900,N,Medicare and Medicaid,Erie,14072
335392,CROWN PARK REHABILITATION AND NURSING CENTER,28 KELLOGG ROAD,6077539631,N,Medicare and Medicaid,Cortland,13045
335393,"SUSQUEHANNA NURSING & REHABILITATION CENTER, L L C",282 RIVERSIDE DR,6077299206,N,Medicare and Medicaid,Broome,13790
335394,WESLEY HEALTH CARE CENTER INC,131 LAWRENCE STREET,5185873600,N,Medicare and Medicaid,Saratoga,12866
335396,MONTGOMERY NURSING AND REHABILITATION CENTER,2817 ALBANY POST ROAD,8454573155,N,Medicare and Medicaid,Orange,12549
335397,ORCHARD REHABILITATION & NURSING CENTER,600 BATES ROAD,5857984100,N,Medicare and Medicaid,Orleans,14103
335398,SANS SOUCI REHABILITATION AND NURSING CENTER,115 PARK AVENUE,9144239800,N,Medicare and Medicaid,Westchester,10703
335399,HUDSON VALLEY REHABILITATION & EXTENDED CARE CTR,"260 VINEYARD AVE, RT 44/55",8456917201,N,Medicare and Medicaid,Ulster,12528
335400,"SENECA NURSING & REHABILITATION CENTER, L L C",200 DOUGLAS DRIVE,3155399202,N,Medicare and Medicaid,Seneca,13165
335401,MOMENTUM AT SOUTH BAY FOR REHAB AND NURSING,340 EAST MONTAUK HIGHWAY,6315816400,N,Medicare and Medicaid,Suffolk,11730
335402,"OASIS REHABILITATION AND NURSING, LLC",6 FROWEIN ROAD,6318784400,N,Medicare and Medicaid,Suffolk,11934
335403,WAYNE HEALTH CARE,100 SUNSET DRIVE,3153322700,Y,Medicare and Medicaid,Wayne,14513
335404,RENAISSANCE REHABILITATION AND NURSING CARE CENTER,4975 ALBANY POST ROAD,8458894500,N,Medicare and Medicaid,Dutchess,12580
335405,FERNCLIFF NURSING HOME CO INC,21 FERNCLIFF DRIVE,8458762011,N,Medicare and Medicaid,Dutchess,12572
335406,WAYNE COUNTY NURSING HOME,1529 NYE ROAD,3159465673,N,Medicare and Medicaid,Wayne,14489
335407,PENFIELD PLACE,1700 PENFIELD RD,5855867433,N,Medicare and Medicaid,Monroe,14526
335408,WEDGEWOOD NURSING REHABILITATION CENTER,5 CHURCH STREET,5853524810,N,Medicare and Medicaid,Monroe,14559
335409,SUNNYSIDE CARE CENTER,7000 COLLAMER RD,3156567218,N,Medicare and Medicaid,Onondaga,13057
335410,WATERS EDGE AT PORT JEFFERSON FOR REHAB AND NRSG,150 DARK HOLLOW ROAD,6314735400,N,Medicare and Medicaid,Suffolk,11777
335411,SEA CREST NURSING AND REHABILITATION CENTER,3035 WEST 24TH ST,7183724500,N,Medicare and Medicaid,Kings,11224
335412,COOPERSTOWN CENTER FOR REHABILITATION AND NURSING,128 PHOENIX MILLS CROSS ROAD,6075442600,N,Medicare and Medicaid,Otsego,13326
335413,WASHINGTON CENTER FOR REHAB AND HEALTHCARE,ROUTE 40,5186388274,N,Medicare and Medicaid,Washington,12809
335415,"LAWRENCE NURSING CARE CENTER, INC",350 BEACH 54TH STREET,7189450400,N,Medicare and Medicaid,Queens,11692
335416,DRY HARBOR NURSING HOME,61 35 DRY HARBOR ROAD,7185654200,N,Medicare and Medicaid,Queens,11379
335418,"NORTHERN RIVERVIEW HEALTH CARE, INC",87 SOUTH ROUTE 9W,8454295381,N,Medicare and Medicaid,Rockland,10927
335419,ST CATHERINE LABOURE HEALTH CARE CENTER,2157 MAIN STREET,7168622000,Y,Medicare and Medicaid,Erie,14214
335421,TARRYTOWN HALL CARE CENTER,20 WOOD COURT,9146312600,N,Medicare and Medicaid,Westchester,10591
335422,RIVER RIDGE LIVING CENTER,100 SANDY DRIVE,5188433503,N,Medicare and Medicaid,Montgomery,12010
335423,PREMIER GENESEE CENTER FOR NRSG AND REHABILITATION,278 BANK STREET,5853440584,N,Medicare and Medicaid,Genesee,14020
335424,MARTINE CENTER FOR REHABILITATION AND NURSING,12 TIBBITS AVENUE,9142877200,N,Medicare and Medicaid,Westchester,10606
335425,SHAKER PLACE REHABILITATION AND NURSING CENTER,780 ALBANY SHAKER ROAD,5188692231,N,Medicare and Medicaid,Albany,12211
335426,FRANKLIN CENTER FOR REHABILITATION AND NURSING,142 27 FRANKLIN AVENUE,7186703400,N,Medicare and Medicaid,Queens,11355
335427,ONEIDA HEALTH REHABILITATION AND EXTENDED CARE,323 GENESEE STREET,3153636000,Y,Medicare and Medicaid,Madison,13421
335428,LEWIS COUNTY GENERAL HOSPITAL-NURSING HOME UNIT,7785 NORTH STATE STREET,3153765200,Y,Medicare and Medicaid,Lewis,13367
335429,ELDERWOOD AT NORTH CREEK,112 SKI BOWL ROAD,5182512447,N,Medicare and Medicaid,Warren,12853
335431,SAMARITAN KEEP NURSING HOME INC,133 PRATT ST,3157854400,Y,Medicare and Medicaid,Jefferson,13601
335432,LONG BEACH NURSING AND REHABILITATION CENTER,375 EAST BAY DRIVE,5168971220,N,Medicare and Medicaid,Nassau,11561
335433,MCAULEY RESIDENCE,1503 MILITARY ROAD,7164476600,N,Medicare and Medicaid,Erie,14217
335434,LITTLE NECK CARE CENTER,260 19 NASSAU BLVD,7184236400,N,Medicare and Medicaid,Queens,11362
335435,JENNIE B RICHMOND CHAFFEE NURSING HOME COMPANY INC,222 EAST MAIN STREET,7165922871,Y,Medicare and Medicaid,Erie,14141
335436,JAMAICA HOSPITAL NURSING HOME CO INC,89-40  135TH  STREET,7182065000,Y,Medicare and Medicaid,Queens,11418
335437,ELLICOTT CENTER FOR REHABILITATION AND NURSING,200 SEVENTH STREET,7168472500,N,Medicare and Medicaid,Erie,14201
335438,MEADOWBROOK HEALTHCARE,154 NORTH PROSPECT AVENUE,5185635440,N,Medicare and Medicaid,Clinton,12901
335439,THE PEARL NURSING CENTER OF ROCHESTER,1335 PORTLAND AVE,5855444000,N,Medicare and Medicaid,Monroe,14621
335440,THE PINES AT POUGHKEEPSIE CTR FOR NURSING & REHAB,100 FRANKLIN STREET,8454544100,N,Medicare and Medicaid,Dutchess,12601
335441,CORTLANDT HEALTHCARE,110 OREGON ROAD,9147399150,N,Medicare and Medicaid,Westchester,10567
335442,CHAMPLAIN VALLEY PHYSICIANS HOSP MED CTR S N F,75 BEEKMAN STREET,5185627760,Y,Medicare and Medicaid,Clinton,12901
335445,TRIBORO CENTER FOR REHABILITATION AND NURSING,1160 TELLER AVE,7182931500,N,Medicare and Medicaid,Bronx,10456
335446,CYPRESS GARDEN CENTER FOR NURSING AND REHAB,139 66 35TH AVENUE,7189615300,N,Medicare and Medicaid,Queens,11354
335447,KING STREET HOME INC,787 KING STREET,9149375800,N,Medicare and Medicaid,Westchester,10573
335448,QUEENS NASSAU REHABILITATION AND NURSING CENTER,520 BEACH 19TH STREET,7184717400,N,Medicare and Medicaid,Queens,11691
335449,ACHIEVE REHAB AND NURSING FACILITY,170 LAKE STREET,8452924200,N,Medicare and Medicaid,Sullivan,12754
335451,GOLDEN HILL NURSING AND REHABILITATION CENTER,99 GOLDEN HILL DRIVE,8453403390,N,Medicare and Medicaid,Ulster,12401
335455,CARMEL RICHMOND HEALTHCARE AND REHAB CENTER,88 OLD TOWN ROAD,7189795000,N,Medicare and Medicaid,Richmond,10304
335457,FIDDLERS GREEN MANOR REHAB AND NURSING CENTER,168 WEST MAIN STREET,7165924781,N,Medicare and Medicaid,Erie,14141
335458,THE GRAND REHABILITATION AND NURSING AT PAWLING,9 RESERVOIR ROAD,8458555700,N,Medicare and Medicaid,Dutchess,12564
335459,WESTCHESTER CENTER FOR REHABILITATION & NURSING,10 CLAREMONT AVE,9146991600,N,Medicare and Medicaid,Westchester,10550
335461,NEW GOUVERNEUR HOSPITAL S N F,227 MADISON STREET,2124415023,N,Medicare and Medicaid,New York,10002
335462,THE PLAZA REHAB AND NURSING CENTER,100 WEST KINGSBRIDGE ROAD,7184101500,N,Medicare and Medicaid,Bronx,10468
335464,SAPPHIRE NURSING AT MEADOW HILL,172 MEADOW HILL ROAD,8455641700,N,Medicare and Medicaid,Orange,12550
335465,DAUGHTERS OF SARAH NURSING CENTER,180 WASHINGTON AVE EXT,5184567831,N,Medicare and Medicaid,Albany,12203
335466,KINGSWAY ARMS NURSING CENTER INC,323 KINGS ROAD,5183934117,N,Medicare and Medicaid,Schenectady,12304
335467,CREST MANOR LIVING AND REHABILITATION CENTER,6745 PITTSFORD PALMYRA ROAD,5852233633,N,Medicare and Medicaid,Monroe,14450
335468,BEECHWOOD HOMES,2235 MILLERSPORT HIGHWAY,7168107000,N,Medicare and Medicaid,Erie,14068
335470,BORO PARK CENTER FOR REHABILITATION AND HEALTHCARE,4915 10TH AVE,7188513700,N,Medicare and Medicaid,Kings,11219
335471,UTICA REHABILITATION & NURSING CENTER,2535 GENESEE STREET,3157971230,N,Medicare and Medicaid,Oneida,13501
335472,CENTRAL QUEENS REHAB & NURSING CENTER,69 95 QUEENS MIDTOWN EXPRESSWAY,7184292200,N,Medicare and Medicaid,Queens,11378
335473,ROCHESTER COMMUNITY NURSING AND REHABILITATION CTR,989 BLOSSOM ROAD,5854823500,N,Medicare and Medicaid,Monroe,14610
335475,CHARLES T SITRIN HEALTH CARE CENTER INC,2050 TILDEN AVE,3157973114,N,Medicare and Medicaid,Oneida,13413
335476,THE FRIENDLY HOME,3156 EAST AVENUE,5857893352,N,Medicare and Medicaid,Monroe,14618
335478,ESSEX CENTER FOR REHABILITATION AND HEALTHCARE,81 PARK STREET,5188733570,N,Medicare and Medicaid,Essex,12932
335480,CHEMUNG COUNTY HEALTH CENTER - NURSING FACILITY,103 WASHINGTON STREET,6077372001,N,Medicare and Medicaid,Chemung,14901
335481,NEWFANE REHAB & HEALTH CARE CENTER,2709 TRANSIT RD,7167787111,N,Medicare and Medicaid,Niagara,14108
335482,ELDERWOOD AT TICONDEROGA,101 ADIRONDACK DRIVE,5185856771,N,Medicare and Medicaid,Essex,12883
335483,THE GRAND REHABILITATION AND NURSING AT GREAT NECK,15 ST PAULS PLACE,5164663001,N,Medicare and Medicaid,Nassau,11021
335484,MORNINGSIDE NURSING AND REHABILITATION CENTER,1000 PELHAM PARKWAY SOUTH,7184098200,N,Medicare and Medicaid,Bronx,10461
335485,CHAUTAUQUA NURSING AND REHABILITATION CENTER,10836 TEMPLE ROAD,7163666400,N,Medicare and Medicaid,Chautauqua,14048
335486,PELHAM PARKWAY NURSING CARE & REHAB FACILITY L L C,2401 LACONIA AVE,7187988600,N,Medicare and Medicaid,Bronx,10469
335487,ST JOHNLAND NURSING CENTER INC,395 SUNKEN MEADOW ROAD,6312695800,N,Medicare and Medicaid,Suffolk,11754
335488,WESLEY GARDENS CORPORATION,3 UPTON PARK,5856852525,N,Medicare and Medicaid,Monroe,14607
335489,MORNINGSTAR RESIDENTIAL CARE CENTER,17 SUNRISE TERRACE,3153424790,N,Medicare and Medicaid,Oswego,13126
335490,BETHEL NURSING HOME COMPANY INC,17 NARRAGANSETT AVENUE,9149417300,N,Medicare and Medicaid,Westchester,10562
335491,"THE NEW JEWISH HOME, MANHATTAN",120 WEST 106TH STREET,2128705000,N,Medicare and Medicaid,New York,10025
335493,CONCOURSE REHABILITATION AND NURSING CENTER INC,1072 GRAND CONCOURSE,7186814000,N,Medicare and Medicaid,Bronx,10456
335494,PENN YAN MANOR NURSING HOME INC,655 N LIBERTY STREET,3155362311,N,Medicare and Medicaid,Yates,14527
335495,WAYNE CENTER FOR NURSING & REHABILITATION,3530 WAYNE AVENUE,7186551700,N,Medicare and Medicaid,Bronx,10467
335497,TRUSTEES OF EASTERN STAR HALL & HOME OF THE N Y S,8290 STATE RT 69,3157369311,N,Medicare and Medicaid,Oneida,13424
335498,GRANDELL REHABILITATION AND NURSING CENTER,645 W BROADWAY,5168891100,N,Medicare and Medicaid,Nassau,11561
335500,ELDERWOOD AT LOCKPORT,104 OLD NIAGARA ROAD,7164346324,N,Medicare and Medicaid,Niagara,14094
335502,GOLDEN GATE REHABILITATION & HEALTH CARE CENTER,191 BRADLEY AVE,7186988800,N,Medicare and Medicaid,Richmond,10314
335503,HOLLISWOOD CTR FOR REHABILITATION AND HEALTHCARE,195 44 WOODHULL AVENUE,7187403500,N,Medicare and Medicaid,Queens,11423
335504,SENECA HEALTH CARE CENTER,2987 SENECA STREET,7168280500,N,Medicare and Medicaid,Erie,14224
335505,HIGHLAND CARE CENTER,91 31 175TH STREET,7186576363,N,Medicare and Medicaid,Queens,11432
335506,BRONX CENTER FOR REHABILITATION & HEALTH CARE,1010 UNDERHILL AVE,7188636700,N,Medicare and Medicaid,Bronx,10472
335508,SKY VIEW REHABILITATION & HEALTH CARE CENTER L L C,1280 ALBANY POST RD,9142715151,N,Medicare and Medicaid,Westchester,10520
335510,FOLTSBROOK CENTER FOR NURSING AND REHABILITATION,104 NORTH WASHINGTON STREET,3158666964,N,Medicare and Medicaid,Herkimer,13350
335511,EAST SIDE NURSING HOME,62 PROSPECT ST,5857868151,N,Medicare and Medicaid,Wyoming,14569
335513,SEAGATE REHABILITATION AND NURSING CENTER,3015 W 29 ST,7182665700,N,Medicare and Medicaid,Kings,11224
335514,ALLEGRIA NURSING & REHAB CENTER OF PORT JEFFERSON,1360 ROUTE 112,6314737100,N,Medicare and Medicaid,Suffolk,11776
335515,YONKERS GARDENS CENTER FOR NURSING AND REHAB,115 SOUTH BROADWAY,9143787358,N,Medicare and Medicaid,Westchester,10701
335516,THE PHOENIX REHABILITATION AND NURSING CENTER,140 ST EDWARDS STREET,7188586400,N,Medicare and Medicaid,Kings,11201
335517,NEW EAST SIDE NURSING HOME,25 BIALYSTOKER PLACE,2126738500,N,Medicare and Medicaid,New York,10002
335520,IDEAL SENIOR LIVING CENTER,601 HIGH AVENUE,6077867300,N,Medicare and Medicaid,Broome,13760
335522,"HARLEM CTR FOR NURSING AND REHABILITATION, L L C",30 WEST 138TH STREET,2126907400,N,Medicare and Medicaid,New York,10037
335523,NORWEGIAN CHRISTIAN HOME AND HEALTH CENTER,1270 67TH STREET,7182322322,N,Medicare and Medicaid,Kings,11219
335524,METHODIST HOME FOR NURSING AND REHABILITATION,4499 MANHATTAN COLLEGE PARKWAY,7185485100,N,Medicare and Medicaid,Bronx,10471
335525,RIVERSIDE CENTER FOR REHABILITATION AND NURSING,90 NO MAIN STREET,5187327617,N,Medicare and Medicaid,Rensselaer,12033
335526,HIGHLAND REHABILITATION AND NURSING CENTER,120 HIGHLAND AVENUE,8453421033,N,Medicare and Medicaid,Orange,10940
335527,GOOD SHEPHERD-FAIRVIEW HOME INC,80 FAIRVIEW AVENUE,6077242477,N,Medicare and Medicaid,Broome,13904
335528,PLATTSBURGH REHABILITATION AND NURSING CENTER,8 BUSHEY BOULEVARD,5185633261,N,Medicare and Medicaid,Clinton,12901
335531,HILLSIDE MANOR REHAB & EXTENDED CARE CENTER,182 15 HILLSIDE AVENUE,7182918200,N,Medicare and Medicaid,Queens,11432
335532,AARON MANOR REHABILITATION AND NURSING CENTER,100 ST CAMILLUS WAY,5853774000,N,Medicare and Medicaid,Monroe,14450
335533,ABSOLUT CTR FOR NURSING & REHAB GASPORT L L C,4540 LINCOLN DRIVE,7167722631,N,Medicare and Medicaid,Niagara,14067
335534,SALAMANCA REHABILITATION & NURSING CENTER,451 BROAD STREET,7169451800,N,Medicare and Medicaid,Cattaraugus,14779
335537,"RUTLAND NURSING HOME, INC",585 SCHENECTADY AVE,7186045221,N,Medicare and Medicaid,Kings,11203
335538,CONCORD NURSING AND REHABILITATION CENTER,300 MADISON STREET,7186367500,N,Medicare and Medicaid,Kings,11216
335539,OUR LADY OF CONSOLATION NURSING AND REHAB CARE CTR,111 BEACH DRIVE,6315871600,N,Medicare and Medicaid,Suffolk,11795
335540,THE GRAND REHABILITATION AND NRSG AT GUILDERLAND,428 STATE ROUTE 146,5188615141,N,Medicare and Medicaid,Albany,12009
335541,MASONIC CARE COMMUNITY OF NEW YORK,2150 BLEECKER STREET,3157984800,N,Medicare and Medicaid,Oneida,13501
335543,CAPSTONE CENTER FOR REHABILITATION AND NURSING,302 SWART HILL ROAD,5188426790,N,Medicare and Medicaid,Montgomery,12010
335545,KING DAVID CENTER FOR NURSING AND REHABILITATION,2266 CROPSEY AVENUE,7182666100,N,Medicare and Medicaid,Kings,11214
335546,PRESBYTERIAN HOME FOR CENTRAL NEW YORK INC,4290 MIDDLE SETTLEMENT ROAD,3157977500,N,Medicare and Medicaid,Oneida,13413
335548,ONONDAGA CENTER FOR REHABILITATION AND NURSING,217 EAST AVENUE,3156567277,N,Medicare and Medicaid,Onondaga,13116
335549,WARREN CENTER FOR REHABILITATION AND NURSING,42 GURNEY LANE,5187616540,N,Medicare and Medicaid,Warren,12804
335554,"THE BRIGHTONIAN, INC",1919 ELMWOOD AVENUE,5852718700,N,Medicare and Medicaid,Monroe,14620
335555,COLD SPRING HILLS CENTER FOR NURSING AND REHAB,378 SYOSSET WOODBURY ROAD,5169213900,N,Medicare and Medicaid,Nassau,11797
335556,ROCHESTER CENTER FOR REHABILITATION AND NURSING,525 BEAHAN ROAD,5852477880,N,Medicare and Medicaid,Monroe,14624
335557,REBEKAH REHAB AND EXTENDED CARE CENTER,1072 HAVEMEYER AVENUE,7188636200,N,Medicare and Medicaid,Bronx,10462
335558,BENSONHURST CENTER FOR REHAB AND HEALTHCARE,1740 84TH STREET,7182323666,N,Medicare and Medicaid,Kings,11214
335559,SUNHARBOR MANOR,255 WARNER AVENUE,5166215400,N,Medicare and Medicaid,Nassau,11577
335560,NEW YORK CONGREGATIONAL NURSING CENTER,135 LINDEN BOULEVARD,7186936060,N,Medicare and Medicaid,Kings,11226
335561,STATEN ISLAND CARE CENTER,200 LAFAYETTE AVENUE,7184489000,N,Medicare and Medicaid,Richmond,10301
335562,LIVINGSTON COUNTY CENTER FOR NURSING AND REHAB,11 MURRAY HILL DRIVE,5852437200,N,Medicare and Medicaid,Livingston,14510
335563,"ROME MEMORIAL HOSPITAL, INC - R H C F",1500 NORTH JAMES STREET,3153387318,Y,Medicare and Medicaid,Oneida,13440
335564,ONTARIO CENTER FOR REHABILITATION AND HEALTHCARE,3062 COUNTY COMPLEX DRIVE,5853964340,N,Medicare and Medicaid,Ontario,14424
335565,THE GRAND REHABILITATION AND NURSING AT BARNWELL,3230 CHURCH STREET,5187586222,N,Medicare and Medicaid,Columbia,12184
335566,UNITED HELPERS CANTON NURSING HOME,205 STATE STREET ROAD,3153864541,N,Medicare and Medicaid,St. Lawrence,13617
335568,SUNRISE MANOR CTR FOR NURSING AND REHABILITATION,1325 BRENTWOOD ROAD,6316654960,N,Medicare and Medicaid,Suffolk,11706
335569,ELDERWOOD OF LAKESIDE AT BROCKPORT,170 WEST AVENUE,5853956052,N,Medicare and Medicaid,Monroe,14420
335570,AMSTERDAM NURSING HOME CORP (1992),1060 AMSTERDAM AVENUE,2123167700,N,Medicare and Medicaid,New York,10025
335571,ROCKAWAY CARE CENTER,353 BEACH 48TH STREET,7184715000,N,Medicare and Medicaid,Queens,11691
335572,MAPLEWOOD NURSING HOME INC,100 DANIEL DRIVE,5858721800,N,Medicare and Medicaid,Monroe,14580
335573,LOCKPORT REHAB & HEALTH CARE CENTER,909 LINCOLN AVE,7164346361,N,Medicare and Medicaid,Niagara,14094
335574,GREENE MEADOWS NURSING AND REHABILITATION CENTER,161 JEFFERSON HEIGHTS,5189439380,N,Medicare and Medicaid,Greene,12414
335576,FAIRPORT BAPTIST HOMES,4646 NINE MILE POINT ROAD,5853882320,N,Medicare and Medicaid,Monroe,14450
335577,ELDERWOOD AT LANCASTER,1818 COMO PARK BLVD,7166836165,N,Medicare and Medicaid,Erie,14086
335578,THE PINES HEALTHCARE & REHAB CTRS MACHIAS CAMPUS,9822 ROUTE 16,7163538516,N,Medicare and Medicaid,Cattaraugus,14101
335579,CARTHAGE CENTER FOR REHABILITATION AND NURSING,1045 WEST STREET,3154933220,N,Medicare and Medicaid,Jefferson,13619
335581,PINNACLE MULTICARE NURSING AND REHAB CENTER,801 CO OP CITY BLVD,7182396500,N,Medicare and Medicaid,Bronx,10475
335582,BROOKHAVEN REHAB & HEALTH CARE CENTER L L C,250 BEACH 17TH STREET,7184717500,N,Medicare and Medicaid,Queens,11691
335583,ARCHCARE AT PROVIDENCE REST,3304 WATERBURY AVENUE,7189313000,N,Medicare and Medicaid,Bronx,10465
335585,WATERVILLE RESIDENTIAL CARE CENTER,220 TOWER STREET,3158414156,N,Medicare and Medicaid,Oneida,13480
335586,ALPINE REHABILITATION AND NURSING CENTER,755 E MONROE STREET,3158230973,N,Medicare and Medicaid,Herkimer,13365
335587,"SUNSET NURSING AND REHABILITATION CENTER, INC",232 ACADEMY STREET,3159424301,N,Medicare and Medicaid,Oneida,13309
335588,THE GRAND REHABILITATION AND NRSG AT CHITTENANGO,331 RUSSELL STREET,3155106400,N,Medicare and Medicaid,Madison,13037
335589,THE GRAND REHABILITATION AND NURSING AT ROME,801 NORTH JAMES STREET,3153370550,N,Medicare and Medicaid,Oneida,13440
335590,PONTIAC NURSING HOME,303 EAST RIVER ROAD,3153431800,N,Medicare and Medicaid,Oswego,13126
335592,MASSENA REHABILITATION & NURSING CENTER,89 GROVE STREET,3157692494,N,Medicare and Medicaid,St. Lawrence,13662
335595,DUNKIRK REHABILITATION & NURSING CENTER,447 449 LAKE SHORE DRIVE WEST,7163666710,N,Medicare and Medicaid,Chautauqua,14048
335596,SWAN LAKE NURSING & REHABILITATION,25 SCHOENFELD BLVD,6312897700,N,Medicare and Medicaid,Suffolk,11772
335598,CLINTON COUNTY NURSING HOME,16 FLYNN AVENUE,5185630950,N,Medicare and Medicaid,Clinton,12901
335600,THE GRAND REHABILITATION AND NURSING AT UTICA,1657 SUNSET AVE,3157977392,N,Medicare and Medicaid,Oneida,13502
335601,THE CENTER FOR NURSING AND REHAB AT HOOSICK FALLS,21 DANFORTH STREET,5186864371,N,Medicare and Medicaid,Rensselaer,12090
335603,SCHOFIELD RESIDENCE,3333 ELMWOOD AVENUE,7168741566,N,Medicare and Medicaid,Erie,14217
335604,BROOKLYN UNITED METHODIST CHURCH HOME,1485 DUMONT AVENUE,7188274500,N,Medicare and Medicaid,Kings,11208
335606,QUEEN OF PEACE RESIDENCE,110-30 221ST STREET,7184641800,N,Medicare and Medicaid,Queens,11429
335607,EDEN REHABILITATION NURSING CENTER,2806 GEORGE STREET,7169923987,N,Medicare and Medicaid,Erie,14057
335609,CROWN HEIGHTS CENTER FOR NURSING AND REHAB,810 20 ST MARKS AVENUE,7184677300,N,Medicare and Medicaid,Kings,11213
335610,ABSOLUT CTR FOR NURSING & REHAB ALLEGANY L L C,2178 NORTH FIFTH STREET,7163732238,N,Medicare and Medicaid,Cattaraugus,14706
335611,GLEN ISLAND CENTER FOR NURSING AND REHABILITATION,490 PELHAM ROAD,9146362800,N,Medicare and Medicaid,Westchester,10805
335612,BAPTIST HEALTH NURSING AND REHABILITATION CENTER,297 N BALLSTON AVE,5183704700,N,Medicare and Medicaid,Schenectady,12302
335613,THE BAPTIST HOME AT BROOKMEADE,46 BROOKMEADE DRIVE,8458762071,N,Medicare and Medicaid,Dutchess,12572
335614,BAYBERRY NURSING HOME,40 KEOGH LANE,9146363947,N,Medicare and Medicaid,Westchester,10805
335615,HAMILTON MANOR NURSING HOME,1172 LONG POND ROAD,5852250450,N,Medicare and Medicaid,Monroe,14626
335617,LATTA ROAD NURSING HOME WEST,2100 LATTA ROAD,5852250910,N,Medicare and Medicaid,Monroe,14612
335618,LATTA ROAD NURSING HOME EAST,2102 LATTA ROAD,5852250920,N,Medicare and Medicaid,Monroe,14612
335619,NORTH COUNTRY NURSING & REHABILITATION CENTER,182 HIGHLAND ROAD,3157699956,N,Medicare and Medicaid,St. Lawrence,13662
335620,UNITY LIVING CENTER,89 GENESEE STREET,5853683881,N,Medicare and Medicaid,Monroe,14611
335621,UNITED HEBREW GERIATRIC CENTER,391 PELHAM ROAD,9146322804,N,Medicare and Medicaid,Westchester,10805
335625,DOWNTOWN BROOKLYN NURSING & REHABILITATION CENTER,520 PROSPECT PLACE,7186361000,N,Medicare and Medicaid,Kings,11238
335626,BEDFORD CENTER FOR NURSING AND REHABILITATION,40 HEYWARD STREET,7188586200,N,Medicare and Medicaid,Kings,11249
335627,TERESIAN HOUSE NURSING HOME CO INC,200 WASHINGTON AVE EXT,5184562000,N,Medicare and Medicaid,Albany,12203
335628,SULLIVAN COUNTY ADULT CARE CENTER,256 SUNSET LAKE ROAD,8452928640,N,Medicare and Medicaid,Sullivan,12754
335631,CHAPIN HOME FOR THE AGING,165 01 CHAPIN PARKWAY,7187392523,N,Medicare and Medicaid,Queens,11432
335632,PINE HAVEN HOME,NY ROUTE 217,5186724021,N,Medicare and Medicaid,Columbia,12565
335634,GARDEN GATE HEALTH CARE FACILITY,2365 UNION ROAD,7166688100,N,Medicare and Medicaid,Erie,14227
335635,"LEROY VILLAGE GREEN RESIDENTIAL HEALTH C F, INC",10 MUNSON STREET,5857682561,N,Medicare and Medicaid,Genesee,14482
335636,GOOD SAMARITAN NURSING AND REHABILITATION CARE CTR,101 ELM ST,6312442400,N,Medicare and Medicaid,Suffolk,11782
335637,BROOKLYN-QUEENS NURSING HOME,2749 LINDEN BLVD,7182775100,N,Medicare and Medicaid,Kings,11208
335638,BUFFALO CENTER FOR REHABILITATION AND NURSING,1014 DELAWARE AVE,7168836782,N,Medicare and Medicaid,Erie,14209
335640,THE GRAND REHABILITATION & NURSING AT DELAWARE PAR,1205 DELAWARE AVENUE,7168853838,N,Medicare and Medicaid,Erie,14209
335641,HOUGHTON REHABILITATION & NURSING CENTER,9876 LUCKEY DRIVE,5855672207,N,Medicare and Medicaid,Allegany,14744
335642,GOWANDA REHABILITATION AND NURSING CENTER,100 MILLER STREET,7165325700,N,Medicare and Medicaid,Cattaraugus,14070
335644,KINGS HARBOR MULTICARE CENTER,2000 E GUNHILL ROAD,7183200400,N,Medicare and Medicaid,Bronx,10469
335645,BETHANY NURSING HOME & HEALTH RELATED FACILITY INC,3005 WATKINS ROAD,6077398711,N,Medicare and Medicaid,Chemung,14845
335647,"WILLIAMSVILLE SUBURBAN, L L C",163 SOUTH UNION ROAD,7162761900,N,Medicare and Medicaid,Erie,14221
335648,DITMAS PARK CARE CENTER,2107 DITMAS AVENUE,7184628100,N,Medicare and Medicaid,Kings,11226
335649,NORTH GATE HEALTH CARE FACILITY,7264 NASH ROAD,7166947700,N,Medicare and Medicaid,Niagara,14120
335650,TERRACE VIEW LONG TERM CARE FACILITY,462 GRIDER STREET,7165517100,Y,Medicare and Medicaid,Erie,14215
335652,ABSOLUT CTR FOR NURSING & REHAB THREE RIVERS L L C,101 CREEKSIDE DRIVE,6079364108,N,Medicare and Medicaid,Steuben,14870
335653,MENORAH HOME & HOSPITAL FOR AGED & INFIRM,1516 ORIENTAL BLVD,7186464441,N,Medicare and Medicaid,Kings,11235
335655,MIDDLETOWN PARK REHAB & HEALTH CARE CENTER,121 DUNNING ROAD,8453430801,N,Medicare and Medicaid,Orange,10940
335656,HAYM SOLOMON HOME FOR THE AGED,2340 CROPSEY AVENUE,7183731700,N,Medicare and Medicaid,Kings,11214
335657,CAMPBELL HALL REHABILITATION CENTER INC,23 KIERNAN RD,8452948154,N,Medicare and Medicaid,Orange,10916
335658,GROTON COMMUNITY HEALTH CARE CTR RES CARE FAC,120 SYKES STREET,6078985876,N,Medicare and Medicaid,Tompkins,13073
335659,FORDHAM NURSING AND REHABILITATION CENTER,2678 KINGSBRIDGE TERRACE,7187965800,N,Medicare and Medicaid,Bronx,10463
335661,WELLSVILLE MANOR CARE CENTER,4192A BOLIVAR ROAD,5855934400,N,Medicare and Medicaid,Allegany,14895
335662,AUTUMN VIEW HEALTH CARE FACILITY L L C,S 4650 SOUTHWESTERN BLVD,7166482450,N,Medicare and Medicaid,Erie,14075
335663,"SAFIRE REHABILITATION OF SOUTHTOWN, L L C",300 DORRANCE AVENUE,7165665252,N,Medicare and Medicaid,Erie,14220
335665,TERENCE CARDINAL COOKE HEALTH CARE CENTER,1249 FIFTH AVENUE,2123601000,N,Medicare and Medicaid,New York,10029
335666,BEZALEL REHABILITATION AND NURSING CENTER,29 38 FAR ROCKAWAY BLVD,7184712600,N,Medicare and Medicaid,Queens,11691
335667,SUNSHINE CHILDREN'S HOME AND REHAB CENTER,15 SPRING VALLEY ROAD,9143337000,N,Medicare and Medicaid,Westchester,10562
335668,KIRKHAVEN,254 ALEXANDER STREET,5854611991,N,Medicare and Medicaid,Monroe,14607
335669,DEGRAFF MEMORIAL HOSPITAL-SKILLED NURSING FACILITY,445 TREMONT STREET,7166902080,N,Medicare and Medicaid,Niagara,14120
335672,VALLEY HEALTH SERVICES INC,690 WEST GERMAN STREET,3158663330,N,Medicare and Medicaid,Herkimer,13350
335673,FOUR SEASONS NURSING AND REHABILITATION CENTER,1555 ROCKAWAY PARKWAY,7189276300,N,Medicare and Medicaid,Kings,11236
335674,THE HAMLET REHABILITATION AND HEALTHCARE CENTER AT,100 SOUTHERN BOULEVARD,6313618800,N,Medicare and Medicaid,Suffolk,11767
335675,JAMES G JOHNSTON MEMORIAL NURSING HOME,285 DEYO HILL ROAD,6077987818,N,Medicare and Medicaid,Broome,13790
335676,"HAVEN MANOR HEALTH CARE CENTER, L L C",1441 GATEWAY BOULEVARD,7184711500,N,Medicare and Medicaid,Queens,11691
335677,SHEEPSHEAD NURSING & REHABILITATION CENTER,2840 KNAPP ST,7186465700,N,Medicare and Medicaid,Kings,11235
335678,ELDERWOOD AT LIVERPOOL,4800 BEAR ROAD,3154579946,N,Medicare and Medicaid,Onondaga,13088
335679,ELDERWOOD AT HAMBURG,5775 MAELOU DRIVE,7166482820,N,Medicare and Medicaid,Erie,14075
335680,EDDY MEMORIAL GERIATRIC CENTER,2256 BURDETT AVENUE,5182749890,N,Medicare and Medicaid,Rensselaer,12180
335681,EAST NECK NURSING & REHABILITATION CENTER,134 GREAT EAST NECK ROAD,6314224800,N,Medicare and Medicaid,Suffolk,11704
335682,BEACH GARDENS REHAB AND NURSING CENTER,17 11 BROOKHAVEN AVENUE,7188698037,N,Medicare and Medicaid,Queens,11691
335683,ABSOLUT CTR FOR NURSING & REHAB WESTFIELD L L C,26 CASS STREET,7163264646,N,Medicare and Medicaid,Chautauqua,14787
335684,SAPPHIRE NURSING AND REHAB AT GOSHEN,46 HARRIMAN DRIVE,8453601200,N,Medicare and Medicaid,Orange,10924
335685,PALATINE NURSING HOME,154  LAFAYETTE STREET,5186735212,N,Medicare and Medicaid,Montgomery,13428
335687,SALEM HILLS REHABILITATION AND NURSING CENTER,539 ROUTE 22,9142773691,N,Medicare and Medicaid,Westchester,10578
335690,WHITE OAKS REHABILITATION AND NURSING CENTER,8565 JERICHO TURNPIKE,5163673400,N,Medicare and Medicaid,Nassau,11797
335691,ELDERWOOD AT HORNELL,ONE BETHESDA DRIVE,6073246900,N,Medicare and Medicaid,Steuben,14843
335692,ST JOSEPHS PLACE,160 EAST MAIN STREET,8458565351,Y,Medicare and Medicaid,Orange,12771
335693,ROSEWOOD REHABILITATION AND NURSING CENTER,284 TROY ROAD,5182861621,N,Medicare and Medicaid,Rensselaer,12144
335694,BROOKHAVEN HEALTH CARE FACILITY L L C,801 GAZZOLA BLVD,6314478800,N,Medicare and Medicaid,Suffolk,11772
335695,MANHATTANVILLE HEALTH CARE CENTER,311 W 231ST STREET,7186018400,N,Medicare and Medicaid,Bronx,10463
335696,GURWIN JEWISH NURSING AND REHABILITATION CENTER,68 HAUPPAUGE ROAD,6317152000,N,Medicare and Medicaid,Suffolk,11725
335697,EDDY VILLAGE GREEN,421 W COLUMBIA STREET,5182375630,N,Medicare and Medicaid,Albany,12047
335700,NORTH SHORE - L I J ORZAC CTR FOR REHABILITATION,900 FRANKLIN AVENUE,5162566700,N,Medicare and Medicaid,Nassau,11580
335701,PATHWAYS NURSING AND REHABILITATION CENTER,1805 PROVIDENCE AVENUE,5183742212,N,Medicare and Medicaid,Schenectady,12309
335702,NORTHWELL HEALTH STERN FAMILY CENTER FOR REHAB,300 COMMUNITY DRIVE,5165628008,N,Medicare and Medicaid,Nassau,11030
335703,BUSHWICK CENTER FOR REHABILITATION AND HEALTH CARE,50 SHEFFIELD AVENUE,7183452273,N,Medicare and Medicaid,Kings,11207
335704,ST JOHNSVILLE REHABILITATION AND NURSING CENTER,7 TIMMERMAN AVENUE,5185685037,N,Medicare and Medicaid,Montgomery,13452
335705,ELLIS RESIDENTIAL & REHABILITATION CENTER,600 MCCLELLAN STREET,5183822196,N,Medicare and Medicaid,Schenectady,12304
335706,IRA DAVENPORT MEMORIAL HOSPITAL S N F/ H R F,7571 STATE ROUTE 54,6077768500,Y,Medicare and Medicaid,Steuben,14810
335710,HAMILTON PARK NURSING AND REHABILITATION CENTER,691 92ND STREET,7185671820,N,Medicare and Medicaid,Kings,11228
335711,SLATE VALLEY CENTER FOR REHABILITATION AND NURSING,10421 STATE ROUTE 40,5186422346,N,Medicare and Medicaid,Washington,12832
335713,SYRACUSE HOME ASSOCIATION,7740 MEIGS ROAD,3156382521,N,Medicare and Medicaid,Onondaga,13027
335716,GLEN COVE CENTER FOR NURSING AND REHABILITATION,6 MEDICAL PLAZA,5166568000,N,Medicare and Medicaid,Nassau,11542
335718,THE FIVE TOWNS PREMIER REHAB & NURSING CENTER,1050 CENTRAL AVENUE,5163749300,N,Medicare and Medicaid,Nassau,11598
335719,QUANTUM REHABILITATION AND NURSING L L C,63 OAKCREST AVENUE,6319248830,N,Medicare and Medicaid,Suffolk,11953
335720,ATRIUM CENTER FOR REHABILITATION AND NURSING,630 E 104TH STREET,7182403100,N,Medicare and Medicaid,Kings,11236
335721,HERITAGE GREEN REHAB & SKILLED NURSING,3023 ROUTE 430,7164835000,N,Medicare and Medicaid,Chautauqua,14742
335723,EAST HAVEN NURSING & REHABILITATION CENTER,2323  EASTCHESTER ROAD,7186552848,N,Medicare and Medicaid,Bronx,10469
335724,SILVERCREST,144 45 87TH AVENUE,7184804026,N,Medicare and Medicaid,Queens,11435
335725,HOPE CENTER FOR H I V AND NURSING CARE,1401 UNIVERSITY AVENUE,7184086333,N,Medicare and Medicaid,Bronx,10452
335726,BEACON REHABILITATION AND NURSING CENTER,140 BEACH 113TH STREET,7189456350,N,Medicare and Medicaid,Queens,11694
335727,"BETSY ROSS REHABILITATION CENTER, INC",1 ELSIE STREET,3153392220,N,Medicare and Medicaid,Oneida,13440
335730,ST ANNS COMMUNITY,920 CHERRY RIDGE BLVD,5856976800,N,Medicare and Medicaid,Monroe,14580
335732,BETHANY GARDENS SKILLED LIVING CENTER,800 WEST CHESTNUT STREET,3153393210,N,Medicare and Medicaid,Oneida,13440
335734,"FRIEDWALD CENTER FOR REHAB AND NURSING, L L C",475 NEW HEMPSTEAD ROAD,8456782000,N,Medicare and Medicaid,Rockland,10956
335735,DELMAR CENTER FOR REHABILITATION AND NURSING,125 ROCKEFELLER ROAD,5184398116,N,Medicare and Medicaid,Albany,12054
335737,"WEST LAWRENCE CARE CENTER, L L C",1410 SEAGIRT BLVD,7184717000,N,Medicare and Medicaid,Queens,11691
335738,OCEAN GARDENS CARE CENTER,64 11 BEACH CHANNEL DRIVE,7189450700,N,Medicare and Medicaid,Queens,11692
335739,LUXOR NURSING AND REHABILITATION AT MILLS POND,273 MORICHES ROAD,6318628990,N,Medicare and Medicaid,Suffolk,11780
335742,NIAGARA REHABILITATION AND NURSING CENTER,822 CEDAR AVENUE,7162821207,N,Medicare and Medicaid,Niagara,14301
335744,GRAND MANOR NURSING & REHABILITATION CENTER,700 WHITE PLAINS ROAD,7185188892,N,Medicare and Medicaid,Bronx,10473
335746,ST LUKE RESIDENTIAL HEALTH CARE FACILITY INC,299 EAST RIVER ROAD,3153423166,N,Medicare and Medicaid,Oswego,13126
335747,"ROCKVILLE SKILLED NURSING & REHAB CENTER, L L C",50 MAINE AVENUE,5165368000,N,Medicare and Medicaid,Nassau,11570
335748,SAINTS JOACHIM & ANNE NURSING AND REHAB CENTER,2720 SURF AVENUE,7187144800,N,Medicare and Medicaid,Kings,11224
335750,FISHKILL CENTER FOR REHABILITATION AND NURSING,22 ROBERT R. KASIN WAY,8458318704,N,Medicare and Medicaid,Dutchess,12508
335751,HIGHBRIDGE WOODYCREST CENTER,936 WOODYCREST AVENUE,7184141157,N,Medicare and Medicaid,Bronx,10452
335752,ELDERWOOD AT CHEEKTOWAGA,225 BENNETT ROAD,7166819480,N,Medicare and Medicaid,Erie,14227
335753,BRONXCARE SPECIAL CARE CENTER,1265 FULTON AVENUE,7185797000,N,Medicare and Medicaid,Bronx,10456
335755,BELLHAVEN CENTER FOR REHAB AND NURSING CARE,110 BEAVER DAM ROAD,6312868100,N,Medicare and Medicaid,Suffolk,11719
335756,SMITHTOWN CENTER FOR REHABILITATION & NURSING CARE,391 NORTH COUNTRY ROAD,6313612020,N,Medicare and Medicaid,Suffolk,11787
335757,"HARRIS HILL NURSING FACILITY, L L C",2699 WEHRLE DRIVE,7166323700,N,Medicare and Medicaid,Erie,14221
335758,LONG ISLAND STATE VETERANS HOME,100 PATRIOTS ROAD,6314448500,N,Medicare and Medicaid,Suffolk,11790
335759,NORWICH REHABILITATION & NURSING CENTER,88 CALVARY DRIVE,6073363915,N,Medicare and Medicaid,Chenango,13815
335760,EDDY HERITAGE HOUSE NURSING AND REHABILITATION CTR,2920 TIBBITS AVENUE,5182744125,N,Medicare and Medicaid,Rensselaer,12180
335761,LUXOR NURSING AND REHABILITATION AT SAYVILLE,300 BROADWAY AVENUE,6315679300,N,Medicare and Medicaid,Suffolk,11782
335762,ST MARYS CENTER INC,516 WEST 126TH STREET,2126621826,N,Medicare and Medicaid,New York,10027
335763,ST VINCENT DEPAUL RESIDENCE,900 INTERVALE AVENUE,7185896965,N,Medicare and Medicaid,Bronx,10459
335764,IROQUOIS NURSING HOME INC,4600 SOUTHWOOD HEIGHTS DRIVE,3154691300,N,Medicare and Medicaid,Onondaga,13078
335765,TEN BROECK COMMONS,ONE COMMONS DRIVE,8453366666,N,Medicare and Medicaid,Ulster,12449
335766,GHENT REHABILITATION & NURSING CENTER,1 WHITTIER WAY,5188280800,N,Medicare and Medicaid,Columbia,12075
335767,OUR LADY OF MERCY LIFE CENTER,2 MERCYCARE LANE,5184648100,N,Medicare and Medicaid,Albany,12084
335768,GUTHRIE CORTLAND MEDICAL CENTER,134 HOMER AVENUE,6077563909,Y,Medicare and Medicaid,Cortland,13045
335769,EDNA TINA WILSON LIVING CENTER,700 ISLAND COTTAGE ROAD,5853686100,N,Medicare and Medicaid,Monroe,14612
335770,N Y S VETERANS HOME IN N Y C,178 50 LINDEN BLVD,7189900329,N,Medicare and Medicaid,Queens,11434
335771,THROGS NECK EXTENDED CARE FACILITY,707 THROGGS NECK EXPRESSWAY,7184300003,N,Medicare and Medicaid,Bronx,10465
335772,RICHMOND CTR FOR REHAB AND SPECIALTY HEALTHCARE,91 TOMPKINS AVENUE,7188761200,N,Medicare and Medicaid,Richmond,10304
335774,SETON HEALTH AT SCHUYLER RIDGE RESIDENTIAL H C,1 ABELE DRIVE,5183711400,N,Medicare and Medicaid,Saratoga,12065
335775,BRONX GARDENS REHABILITATION AND NURSING CENTER,2175 QUARRY RD,7189603910,N,Medicare and Medicaid,Bronx,10457
335777,FATHER BAKER MANOR,6400 POWERS ROAD,7166670001,N,Medicare and Medicaid,Erie,14127
335778,THE HIGHLANDS AT BRIGHTON,5901 LAC DE VILLE BLVD,5854427960,N,Medicare and Medicaid,Monroe,14618
335780,CASA PROMESA,308 EAST 175 STREET,7189607603,N,Medicare and Medicaid,Bronx,10457
335782,WESTHAMPTON CARE CENTER,78 OLD COUNTRY ROAD,6312880101,N,Medicare and Medicaid,Suffolk,11977
335784,SCHERVIER PAVILION,22 VAN DUZER PLACE,8459875717,N,Medicare and Medicaid,Orange,10990
335785,FINGER LAKES CENTER FOR LIVING,20 PARK AVENUE,3152557188,N,Medicare and Medicaid,Cayuga,13021
335786,HIGHLANDS LIVING CENTER,500 HAHNEMANN TRAIL,5853831700,N,Medicare and Medicaid,Monroe,14534
335787,NASSAU REHABILITATION & NURSING CENTER,ONE GREENWICH STREET,5165654800,N,Medicare and Medicaid,Nassau,11550
335788,WESTERN NEW YORK STATE VETERANS HOME,220 RICHMOND AVENUE,5853452076,N,Medicare and Medicaid,Genesee,14020
335789,TACONIC REHABILITATION AND NURSING AT HOPEWELL,3 SUMMIT COURT,8458961500,N,Medicare and Medicaid,Dutchess,12524
335790,ELDERWOOD AT WHEATFIELD,2600 NIAGARA FALLS BOULEVARD,7162158000,N,Medicare and Medicaid,Niagara,14304
335791,QUEENS BOULEVARD EXTENDED CARE FACILITY,61 11 QUEENS BOULEVARD,7182050288,N,Medicare and Medicaid,Queens,11377
335792,NORTHERN MANHATTAN REHABILITATION AND NURSING CTR,116 EAST 125TH ST,2124261284,N,Medicare and Medicaid,New York,10035
335793,KENDAL AT ITHACA,2230 NORTH TRIPHAMMER ROAD,6072665300,N,Medicare and Medicaid,Tompkins,14850
335794,ONEIDA CENTER FOR REHABILITATION AND NURSING,1445 KEMBLE STREET,3157320100,N,Medicare and Medicaid,Oneida,13501
335795,ANDRUS ON HUDSON,185 OLD BROADWAY,9144783700,N,Medicare and Medicaid,Westchester,10706
335796,MEADOWBROOK CARE CENTER,320 WEST MERRICK ROAD,5163778200,N,Medicare and Medicaid,Nassau,11520
335797,THE OSBORN,101 THEALL ROAD,9149674100,N,Medicare,Westchester,10580
335798,TOWNHOUSE CENTER FOR REHABILITATION & NURSING,755 HEMPSTEAD TURNPIKE,5165651900,N,Medicare and Medicaid,Nassau,11553
335799,UNION PLAZA CARE CENTER,33 23 UNION STREET,7186700700,N,Medicare and Medicaid,Queens,11354
335800,NOTTINGHAM R H C F,1305 NOTTINGHAM ROAD,3154450123,N,Medicare and Medicaid,Onondaga,13078
335801,MVHS REHABILITATION AND NURSING CENTER,1650 CHAMPLIN AVENUE,3156248600,N,Medicare and Medicaid,Oneida,13504
335802,GLEN ARDEN INC,46 HARRIMAN DRIVE,8452917800,N,Medicare and Medicaid,Orange,10924
335803,TACONIC REHABILITATION AND NURSING AT ULSTER,ONE WINGATE WAY,8456916800,N,Medicare and Medicaid,Ulster,12528
335804,THE PAVILION AT QUEENS FOR REHABILITATION & NRSING,36 17 PARSONS BOULEVARD,7189614300,N,Medicare and Medicaid,Queens,11354
335805,DR SUSAN SMITH MCKINNEY NURSING AND REHAB CENTER,594 ALBANY AVENUE,7182457000,N,Medicare and Medicaid,Kings,11203
335806,SPRINGVALE NURSING & REHABILITATION CENTER,67 SPRINGVALE ROAD,9147396700,N,Medicare and Medicaid,Westchester,10520
335808,HEMPSTEAD PARK NURSING HOME,800 FRONT STREET,5167059700,N,Medicare and Medicaid,Nassau,11550
335809,THE GROVE AT VALHALLA REHAB AND NURSING CENTER,61 GRASSLANDS ROAD,9146818400,N,Medicare and Medicaid,Westchester,10595
335810,LUTHERAN CENTER AT POUGHKEEPSIE INC,965 DUTCHESS TURNPIKE,8454869494,N,Medicare and Medicaid,Dutchess,12603
335811,LINDEN CENTER FOR NURSING AND REHABILITATION,2237 LINDEN BOULEVARD,7186497000,N,Medicare and Medicaid,Kings,11207
335812,HUDSON PARK REHABILITATION AND NURSING CENTER,325 NORTHERN BOULEVARD,5184491100,N,Medicare and Medicaid,Albany,12204
335814,ELMHURST CARE CENTER INC,100 17  23RD AVENUE,7182058100,N,Medicare and Medicaid,Queens,11369
335815,SENECA HILL MANOR INC,20 MANOR DRIVE,3153495300,N,Medicare and Medicaid,Oswego,13126
335816,CANTERBURY WOODS,725 RENAISSANCE DRIVE,7169295800,N,Medicare and Medicaid,Erie,14221
335817,GARDEN CARE CENTER,135 FRANKLIN AVENUE,5167752100,N,Medicare and Medicaid,Nassau,11010
335818,HUNTINGTON HILLS CTR FOR HEALTH AND REHABILITATION,400 SOUTH SERVICE ROAD,6314393000,N,Medicare and Medicaid,Suffolk,11747
335819,PARK AVENUE EXTENDED CARE FACILITY,425 NATIONAL BOULEVARD,5164312600,N,Medicare and Medicaid,Nassau,11561
335820,REGAL HEIGHTS REHABILITATION AND HEALTH CARE CTR,70-05 35 AVENUE,7186625100,N,Medicare and Medicaid,Queens,11372
335821,ST CATHERINE OF SIENA NRSG AND REHAB CARE CENTER,52 ROUTE 25A,6318623900,N,Medicare and Medicaid,Suffolk,11787
335823,HELEN HAYES HOSPITAL R H C F,51 N RT 9W,8457864000,Y,Medicare and Medicaid,Rockland,10993
335824,PUTNAM RIDGE,46 MT EBO ROAD NORTH,8452783636,N,Medicare and Medicaid,Putnam,10509
335825,THE BROOK AT HIGH FALLS NURSING HOME AND REHAB CTR,2150 ST PAUL STREET,5853425540,N,Medicare and Medicaid,Monroe,14621
335826,BUENA VIDA REHAB AND NURSING CENTER,48 CEDAR STREET,7184556200,N,Medicare and Medicaid,Kings,11221
335827,THE GRAND REHABILITATION AND NRSG AT RIVER VALLEY,140 MAIN STREET,8454547600,N,Medicare and Medicaid,Dutchess,12601
335828,TACONIC REHABILITATION AND NURSING AT BEACON,10 HASTINGS DRIVE,8454401600,N,Medicare and Medicaid,Dutchess,12508
335829,ADIRA AT RIVERSIDE REHABILITATION AND NURSING,120 ODELL AVENUE,9149643333,N,Medicare and Medicaid,Westchester,10701
335830,ST MARGARETS CENTER,27 HACKETT BLVD,5185913300,N,Medicare and Medicaid,Albany,12208
335831,FULTON COMMONS CARE CENTER INC,60 MERRICK AVENUE,5162229300,N,Medicare and Medicaid,Nassau,11554
335832,NEW YORK STATE VETERANS HOME AT MONTROSE,2090 ALBANY POST ROAD,9147886000,N,Medicare,Westchester,10548
335833,JEFFERSON'S FERRY,500 MATHER DRIVE,6316502700,N,Medicare and Medicaid,Suffolk,11720
335834,HIGHPOINTE ON MICHIGAN HEALTH CARE FACILITY,1031 MICHIGAN AVE,7167483101,N,Medicare and Medicaid,Erie,14203
335835,ISLAND NURSING AND REHAB CENTER,5537 EXPRESSWAY DRIVE NORTH,6317583336,N,Medicare and Medicaid,Suffolk,11742
335837,MARIA REGINA RESIDENCE INC,1725 BRENTWOOD ROAD,6312734500,N,Medicare and Medicaid,Suffolk,11717
335838,NEW YORK CENTER FOR REHABILITATION & NURSING,26-13  21ST STREET,7186264800,N,Medicare and Medicaid,Queens,11102
335839,AFFINITY SKILLED LIVING AND REHABILITATION CENTER,305 LOCUST AVENUE,6312185900,N,Medicare and Medicaid,Suffolk,11769
335840,MEDFORD MULTICARE CENTER FOR LIVING,3115 HORSEBLOCK ROAD,6317303000,N,Medicare and Medicaid,Suffolk,11763
335842,PECONIC LANDING AT SOUTHOLD,1500 BRECKNOCK ROAD,6314773800,N,Medicare and Medicaid,Suffolk,11944
335843,OUR LADY OF PEACE NURSING CARE RESIDENCE,5285 LEWISTON ROAD,7162982900,N,Medicare and Medicaid,Niagara,14092
335844,THE KNOLLS,55 GRASSLAND ROAD,9149897800,N,Medicare and Medicaid,Westchester,10595
335845,NORTHEAST CTR FOR REHABILITATION AND BRAIN INJURY,300 GRANT AVENUE,8453363500,N,Medicare and Medicaid,Ulster,12449
335847,HOPKINS CENTER FOR REHABILITATION AND HEALTHCARE,155 DEAN STREET,7186946700,N,Medicare and Medicaid,Kings,11217
335848,KENDAL ON HUDSON,ONE KENDAL WAY,9149221000,N,Medicare and Medicaid,Westchester,10591
335850,THE HAMPTONS CENTER FOR REHABILITATION AND NURSING,64 COUNTY ROAD 39,6317021000,N,Medicare and Medicaid,Suffolk,11968
335853,JOHN T MATHER MEMORIAL HOSP T C U,75 NORTH COUNTRY ROAD,6314731320,Y,Medicare and Medicaid,Suffolk,11777
335854,FOX RUN AT ORCHARD PARK,ONE FOX RUN LANE,7166625001,N,Medicare and Medicaid,Erie,14127
335857,WILKINSON RESIDENTIAL HEALTH CARE FACILITY,4988 STATE HWY 30,5188413572,N,Medicare and Medicaid,Montgomery,12010
335858,WOODLAND POND AT NEW PALTZ,100 WOODLAND POND CIRCLE,8452565910,N,Medicare and Medicaid,Ulster,12561
335859,GOOD SHEPHERD VILLAGE AT ENDWELL,14 VILLAGE DRIVE,6077573102,N,Medicare and Medicaid,Broome,13760
335860,EDDY VILLAGE GREEN AT BEVERWYCK,40 AUTUMN DRIVE,5184512107,N,Medicare and Medicaid,Albany,12159
335861,THE AMSTERDAM AT HARBORSIDE,300 EAST OVERLOOK,5164726610,N,Medicare and Medicaid,Nassau,11050
335863,ST JOHN'S PENFIELD HOMES,65 SONOMA DRIVE,5852925250,N,Medicare and Medicaid,Monroe,14450
335865,"SAMARITAN SENIOR VILLAGE, INC",22691 CAMPUS DRIVE,3157826800,Y,Medicare and Medicaid,Jefferson,13601
335869,NORTHERN WESTCHESTER HOSPITAL T C U,400 EAST MAIN STREET,9146668306,Y,Medicare and Medicaid,Westchester,10549
335870,UPSTATE UNIVERSITY HOSP AT COMMUNITY GENERAL T C U,4900 BROAD ROAD,3154925786,Y,Medicare,Onondaga,13215
335871,MOUNT SINAI SOUTH NASSAU T C U,1 HEALTHY WAY,5166323500,Y,Medicare,Nassau,11572
335873,HELEN HAYES HOSPITAL T C U,51 N ROUTE 9W,8457864000,Y,Medicare,Rockland,10993
335874,THE STEVEN AND ALEXANDRA COHEN PED L T C PAVILION,95 BRADHURST AVE,9148312582,N,Medicare and Medicaid,Westchester,10595
335876,DELHI REHABILITATION AND NURSING CENTER,41861 STATE ROUTE 10,6074644444,N,Medicare and Medicaid,Delaware,13753
335878,EPIC REHABILITATION AND NURSING AT WHITE PLAINS,120 CHURCH STREET,9143509010,N,Medicare and Medicaid,Westchester,10601
33A246,ELIZABETH SETON CHILDREN'S CENTER,300 CORPORATE BLVD SOUTH,9142946300,N,Medicaid,Westchester,10701
